,artist,title,text
0,miki nunez,celebrate,"Hoy, ya sķ, que debo regalarme
Todo aquello que no hice por gustarme
Hoy mi rumbo es, mi coraz¾n
Hoy, ya sķ, que debo escucharme
Decirme todo lo que no me ha dicho nadie
Quien te ha dado vela en este entierro?

Si tu no estas de acuerdo (Dķjame)
AquĒ tienes un recuerdo (Para quķ)
Pa' que trates de olvidarme
Y no mueras en el intento

Voy a bailar sin freno, para curar mi herida
Voy a cantar sin miedo esta canci¾n
Voy a gritar al cielo y celebrar la vida
Quiero cantar contigo esta canci¾n

SĒ, ya sķ, que no soy don perfecto
Pero tampoco hemos venido a esto
Soy el rey de mi, reino interior
Y me escribo a coraz¾n abierto
No me da miedo ense±arte mis defectos
Mis cicatrices me hacen ser lo que soy

Si tu no estas de acuerdo (Dķjame)
AquĒ tienes un recuerdo (Para quķ)
Pa' que trates de olvidarme
Y no mueras en el intento

Voy a bailar sin freno, para curar mi herida
Voy a cantar sin miedo esta canci¾n
Voy a gritar al cielo y celebrar la vida
Quiero cantar contigo esta canci¾n

Eh, estoy tranquilo
Soy mßs frßgil que una copa de vino
Ese vino que tu bebes pa' olvidar
Que por mucho que te bebas no te va a salvar
Eh, estoy tranquilo
Soy mßs fuerte de lo que me imagino
Trae esa copa pa' brindar
Y que sea solo pa' celebrar

Voy a bailar sin freno, para curar mi herida
Voy a cantar sin miedo esta canci¾n
Voy a gritar al cielo y celebrar la vida
Quiero cantar contigo esta canci¾n
Voy a gritar al cielo y celebrar la vida
Quiero cantar contigo esta canci¾n

Quiero cantar contigo esta canci¾n"
1,miki nunez,eterno verano,"EmpezarŪa con con un ""me levantů""
Pero no tengo energŪa para tanto
Un verano no se mide en grados
Sino en planes improvisados

En mayo, manga corta
Aplatanada hasta en la sombra
No soy vago, soy persona
Y a cuarenta grados, una casi sopa

Andando por la orilla
Esquivando las colillas
MatarŪa por una cerveza frŪa
Tarareando melodŪas

Vivo en un eterno verano
Muero al levantarme tan temprano
Vivo en un eterno verano
No hacer nada, ya es demasiado

Pegajoso por la crema
Tengo arena hasta en la oreja
Ningķn mensaje en esa botella
Y es que no quedan islas desiertas

Jugando a palas contando los toques
No llego a diez, soy un poco torpe
Pensando en nada, poniendo orden
Voy mirando el horizonte

Se ha calentado la sandŪa
Ese chiringuito me deja en la ruina
MatarŪa por una sangrŪa frŪa
Tarareando melodŪas

Vivo en un eterno verano
Muero al levantarme tan temprano
Vivo en un eterno verano
No hacer nada, ya es demasiado

Esto es el apocalŪpsis
Me he quemado como un guiri
He empezado la dieta del kiwi
Como de todo menos kiwi

Esto es el apocalŪpsis
Me he quemado como un guiri
He empezado la dieta del kiwi
Como de todo menos kiwi

Vivo
Pa ra pa pa ra pa ra pa ra
Muero
Pa ra pa pa ra pa ra pa ra
Vivo
Pa ra pa pa ra pa ra pa ra
No hacer nada
Pa ra pa pa ra pa ra pa ra

Vivo en un eterno verano
Muero al levantarme tan temprano
Vivo en un eterno verano
No hacer nada ya es demasiado

Vivo en un eterno verano
Muero al levantarme tan temprano
Vivo en un eterno verano
No hacer nada ya es demasiado

Vivo
Muero
Vivo en un eterno verano
No hacer nada ya es demasiado

Vivo en un eterno verano"
2,miki nunez,nadie se salva,"Nadie se salva

Nadie se salva

Mira, yo no quiero alarmarte
No quiero llorarme
Pero pasará
Mira, si en el fondo lo sabes
Forma parte del viaje
¿Pa' qué aguantar?

Hay una prisión dentro de ti
Y no la quieres ver
Tú quieres creer
Que eres la ley
Y no lo ves

Puede que mañana te pueda llegar
Puede que mañana te pueda llegar
Puede que mañana te pueda llegar
Hey

Nadie se salva

Nadie se salva

Mira, que ya no quiero
Ser esclavo de mis propios pensamientos
Quiero correr y que nada me detenga
Quiero ser libre, la gente es mi bandera

Mira, que ya no quiero
Esconderme cuando llegue el invierno
Solo si cantamos, levanta las manos
Seremos juntos los que un día callaron

Va directa a ti y puede ser la última vez
No, no hay reloj
El tiempo es hoy
Cuídate bien

Puede que mañana te pueda llegar
Puede que mañana te pueda llegar
Puede que mañana te pueda llegar
Hey

Nadie se salva
Huah
Nadie se salva

Hoy no será, no, no
Hoy no será, no, no
Hoy no será
Nadie se salva pero hoy no será

Hoy te quedas hasta el final, no
Hoy te quedas hasta el final, no
Aquí nadie se salva, no
Nadie se salva"
3,miki nunez,per tu,"Quan s'enfonsa tot
Surten flors de las esquerdas
Els teus plors I els meus humitegen
Aterrant la nostÓlgia del moment
Vivim amb por de perdre
El teu foc I el meu
Fan l'amor a la guerra

Si vas fins a l'ultim fanal
T'emportes el aire I aprens
Tant si hi es com si no hi es
El teu perfume etern
Tots els dies igualsQuan s'enfonsa tot
Surten flors de las esquerdas
Els teus plors I els meus humitegen
Aterrant la nostÓlgia del moment
Vivim amb por de perdre
El teu foc I el meu
Fan l'amor a la guerra

Si vas fins a l'ultim fanal
T'emportes el aire I aprens
Tant si hi es com si no hi es
El teu perfume etern
Tots els dies iguals
No m'acaban servint per res
Tant si vķ com si no vķ
Em serveix un tros de cel
Quan s'enfonsa tot
Surten flors de las esquerdas
Els teus plors I els meus fan l'amor a la guerra
La nostÓlgia del moment
Vivim amb por de perdre
El teu foc I el meu

Que les cendres de l'ahir ens han fet aixĒ
La remor va sentint cada cop que sento que visc
Quan ens toca allÓ al fons no som mķs que dos cors que caminen
Si s'estimen com mķs un cop que s'estima la vida

Per tu, per mi
Xotarem les pedres del camĒ
Per tu, per mi
Xotarem les pedres del camĒ
Per tu, per mi
Xotarem les pedres del camĒ
Per tu, per mi
Xotarem les pedres del camĒ

Per tu, per mi
Si s'estimen com mķs un cop que s'estima la vida
Per tu, per mi
Quan ens toca allÓ al fons no som mķs que dos cors que caminen

Quan s'enfonsa tot
Surten flors de las esquerdas
Els teus plors I els meus humitegen
Aterrant la nostÓlgia del moment
Vivim amb por de perdre
El teu foc I el meu"
4,miki nunez,coral del arrecife,"En esta isla de arena blanca y fina
He visto al mar destronar a tu sonrisa
He visto el miedo de el que salÿa a pescar
He sentido el poder del sol para escampar la brisa

Palmeras que me cubren la lluvia tropical
Caminos que me llevan hacia un lugar especial
Recuerdos en la playa, sentados en la arena
DespuÚs de tanto tiempo, solo me queda pensar

Que viene y va
Que este mundo es imprevisible
En tu mirar, me siento un poquito mßs libre
Quiero gritar
Decir que aquÿ no existe un lÿder
Nosotros somos uno, coral del arrecife

Que viene y va
Este mundo es imprevisible
En tu mirar, me siento un poquito mßs libre
Quiero gritar
Decir que aquÿ no existe un lÿder
Nosotros somos uno, coral del arrecife

Aquÿ tus ojos siempre son color coral
Y tu mirada ahora parece un festival
Instinto animal
Y disfrutar de cada sorbo de nuestra complicidad

Voy a seguir navegando entre dos aguas
Saboreando los colores de tu piel salada
Mira, quÚ felicidad
Que bonito ver bailar al sol con tu sonrisa

Que viene y va
Que este mundo es imprevisible
En tu mirar, me siento un poquito mßs libre
Quiero gritar
Decir que aquÿ no existe un lÿder
Nosotros somos uno, coral del arrecife

Que viene y va
Este mundo es imprevisible
En tu mirar, me siento un poquito mas libre
Quiero gritar
Decir que aquÿ no existe un lÿder
Nosotros somos uno, coral del arrecife

Paraÿso de mi mente
Donde no hay ning·n mal
T· tambiÚn tienes el tuyo

Que viene y va
Que este mundo es imprevisible
En tu mirar, me siento un poquito mßs libre
Quiero gritar
Decir que aquÿ no existe un lÿder
Nosotros somos uno, coral del arrecife

Que viene y va
Que este mundo es imprevisible
En tu mirar, me siento un poquito mßs libre
Quiero gritar
Decir que aquÿ no existe un lÿder
Nosotros somos uno, coral del arrecife"
5,miki nunez,apaga la luz,"Apaga la luz
Prometo un beso de volcán
Ese lugar que arremetía contra el mar
Porque el miedo nos sentía
Porque no tenía edad

Quiero acariciar la vida
Quiero atravesar tu día
Quiero celebrar sin prisa
Quiero recibir poesía

Dame tu sur y te marido con azar
De ese lugar que se adivinaba en el andar
Porque nadie lo escribía
Porque solo había paz

Quiero acariciar la vida
Quiero atravesar tu día
Quiero celebrar sin prisa
Quiero regalar poesía

Y enamorar sin hacerte el amor
Y recibir de la luna y el sol
Y enamorar sin hacerte el amor
Y recibir de la luna y el sol, tú y yo

Deja que fluya
Deja que vaya
Y sea libre aquella calma
Y sencillo
Y que respire
Con menos brillo también se vive

Y enamorar sin hacerte el amor
Y recibir de la luna tú y yo

Quiero acariciar la vida
Y enamorar sin hacerte el amor
Quiero atravesar tu día
Y recibir de la luna y el sol
Quiero celebrar sin prisa
Y enamorar sin hacerte el amor
Quiero recibir poesías
Quiero acariciar la vida
(Quiero acariciar la vida)
Quiero atravesar tu día
(Quiero atravesar tu día)
Quiero celebrar sin prisa
(Quiero celebrar sin prisa)
Quiero regalar poesía
Quiero acariciar la vida"
6,miki nunez,la venda,"Te compran porque te vendes
Te vendes porque te sobras
Te pierdes porque hay camino
Te digo: hay otras cosas

Te sales porque te quieres
Te quieres, tu mente en forma
Te eliges porque hay camino
Te digo: hay otras cosas

La venda ya cayó y solo quedó la alegría
La venda ya cayó y empezarán nuevos díasTe compran porque te vendes
Te vendes porque te sobras
Te pierdes porque hay camino
Te digo: hay otras cosas

Te sales porque te quieres
Te quieres, tu mente en forma
Te eliges porque hay camino
Te digo: hay otras cosas

La venda ya cayó y solo quedó la alegría
La venda ya cayó y empezarán nuevos días
La venda ya cayó avivando fantasías
La venda ya cayó y serás como querías

Te rezas porque confías
Te sientes que ya tenías
Te vives, alto voltaje
Te traje buenas noticias

Te vales y ya no fuerzas
Te vives y te interesas
Te saltas, no quedan normas
Ahora, la vida loca

La venda ya cayó y solo quedó la alegría
La venda ya cayó y empezarán nuevos días
La venda ya cayó avivando fantasías
La venda ya cayó y serás como querías

Lo que ere, lo que ere, ere, ere, e
Lo que ere, lo que ere, ere, ere, e
Lo que ere, lo que ere, ere, ere, e
Lo que ere, lo que ere, ere, ere, e
Lo que ere, lo que ere, ere, ere, e
Lo que ere, lo que ere, ere, ere, e

La venda ya cayó y solo quedó la alegría
La venda ya cayó y empezaran nuevos días
La venda ya cayó avivando fantasías
La venda ya cayó y serás como querías"
7,miki nunez,tanto tiempo,"Los callejones de la calle mayor
Se hacen lentos a estas horas del día
Mientras las nubes despiertan todo huele a café
Hoy no es domingo y parece que sí
Que el cielo se nos va a aguantar sin lluvia
La gente anda deprisa y yo camino al revés

Mientras sigo esperando a que vuelvas
Sentado en la ventana
Le hablo al espejo de ti, me mira
Y me escucha sin protestar

Tanto tiempo
Demasiado
Tanto tiempo sin ti

En el periódico no hay nada mejor
Hoy el horóscopo me augura un buen día
Las necrológicas cuentan que hoy ya no moriré

Los astronautas siguen lejos de aquí
Y el pan hoy sube como si fuera espuma
Ya han estrenado la última de

Mientras sigo esperando a que llames
Tumbado en esta cama
La misma cama donde a escondidas hacíamos el amor

Tanto tiempo
żQué ha pasado?
Tanto tiempo sin ti

Tanto tiempo
Demasiado
Tanto tiempo sin ti"
8,miki nunez,la ultima palabra,"Una visi¾n que desespera
Por inhumana indiferencia
Una verdad que desordena
Por alta carga de disidencia

Algo me dice que estamos corriendo
Hacia ninguna parte de lo que quiero

Nanarananana nanaranananana
┐Por quķ es que estamos corriendo?
Nanarananana nanaranananana
Hacia caminos opuestos
Nanarananana nanaranananana
┐Por quķ es que estamos corriendo?
Nanarananana nanaranananana

Se han exiliado las ideas
Que parecĒan tan verdaderas
Con opiniones por banderas
Nadie se fĒa ni de su letra

Algo me dice que estamos corriendo
Hacia ninguna parte de lo que entiendo

Nanarananana nanaranananana
┐Por quķ es que estamos corriendo?
Nanarananana nanaranananana
Hacia caminos opuestos
Nanarananana nanaranananana
┐Por quķ es que estamos corriendo?
Nanarananana nanaranananana

Y lanzas tu titular queriķndome convencer
De que t· tienes lo que hay que tener
Y te rebotas al ver que no pensamos igual
Es el espejo en que te tienes que mirar
Tener la ·ltima palabra
No te va a dar la raz¾n

Nanarananana nanaranananana
┐Por quķ es que estamos corriendo?
Nanarananana nanaranananana
Hacia caminos opuestos
Nanarananana nanaranananana
┐Por quķ es que estamos corriendo?
Nanarananana nanaranananana
Hacia caminos opuestos"
9,miki nunez,la cabana,"Quiero construirte una cabańa
Que te arrope como el sol a las montańas
Quiero iluminar todos tus sueńos
Corre, vuela y ve a luchar por ellos
Entre todos construiremos esperanza
Un abrazo y destruiremos la arrogancia
Ayudame a cocer un mundo nuevo
Y el calor de una sonrisa
Que te llevará hasta el cielo

Y al mirarnos a los ojos
Y apretar fuerte las manos
Vamos a coger la fuerza
Para volver a levantarnos
Ahogaremos con canciones las miserias y dolores
Doblaremos las apuestas
Romperemos las cadenas
Gritaremos a los cuatro vientos
Que la vida es nuestra

Tus ojos siempre dicen la verdad
Esto solo acaba de empezar
Aunque dudes por las noches por millones de razones
De mi mano siempre podrás caminar

Y al mirarnos a los ojos
Y apretar fuerte las manos
Vamos a coger la fuerza
Para volver a levantarnos
Ahogaremos con canciones las miserias y dolores
Doblaremos las apuestas
Romperemos las cadenas
Gritaremos a los cuatro vientos
Que la vida es nuestra

Quiero construirte una cabańa
Que te arrope como el sol a las montańas
Quiero iluminar todos tus sueńos
Corre, vuela y ve a luchar por ellos"
10,one direction,what makes you beautiful,"You're insecure, don't know what for
You're turning heads when you walk through the door
Don't need makeup to cover up
Being the way that you are is enough

Everyone else in the room can see it
Everyone else, but you, ooh

Baby, you light up my world like nobody else
The way that you flip your hair gets me overwhelmed
But when you smile at the ground, it ain't hard to tell
You don't know, oh-oh
You don't know you're beautiful

If only you saw what I can see
You'll understand why I want you so desperately
Right now I'm lookin' at you, and I can't believe

You don't know, oh-oh
You don't know you're beautiful, oh, oh-oh
That's what makes you beautiful

So c-come on, you got it wrong
To prove I'm right, I put it in a song
I don't know why you're being shy
And turn away when I look into your eyes

Everyone else in the room can see it
Everyone else, but you, ooh

Baby, you light up my world like nobody else
The way that you flip your hair gets me overwhelmed
But when you smile at the ground, it ain't hard to tell
You don't know, oh-oh
You don't know you're beautiful

If only you saw what I can see
You'll understand why I want you so desperately
Right now I'm lookin' at you, and I can't believe

You don't know, oh-oh
You don't know you're beautiful, oh, oh-oh
That's what makes you beautiful

Na-na-na, na-na-na, na, na, na
Na-na-na, na-na-na
Na-na-na, na-na-na, na, na, na
Na-na-na, na-na-na

Baby, you light up my world like nobody else
The way that you flip your hair gets me overwhelmed
But when you smile at the ground, it ain't hard to tell
(You don't know, oh-oh)
You don't know you're beautiful

Baby, you light up my world like nobody else
The way that you flip your hair gets me overwhelmed
But when you smile at the ground, it ain't hard to tell
You don't know, oh-oh
You don't know you're beautiful

If only you saw what I can see
You'll understand why I want you so desperately
Right now I'm lookin' at you, and I can't believe

You don't know, oh-oh
You don't know you're beautiful, oh, oh-oh
You don't know you're beautiful, oh, oh-oh
That's what makes you beautiful"
11,one direction,best song ever,"Maybe it's the way she walked (wow)
Straight into my heart and stole it
Through the doors and past the guards (wow)
Just like she already owned it

I said, ""can you give it back to me?""
She said, ""never in your wildest dreams""

And we danced all night to the best song ever
We knew every line, now I can't remember
How it goes but I know that I won't forget her
'Cause we danced all night to the best song ever

I think it went oh, oh, oh
I think it went yeah, yeah, yeah
I think it goes (ooh)

Said her name was Georgia Rose (wow)
And her daddy was a dentist
Said I had a dirty mouth (I got a dirty mouth)
But she kissed me like she meant it

I said, ""can I take you home with me?""
She said, ""never in your wildest dreams""

And we danced all night to the best song ever
We knew every line, now I can't remember
How it goes but I know that I won't forget her
'Cause we danced all night to the best song ever

I think it went oh, oh, oh
I think it went yeah, yeah, yeah
I think it goes (ooh)

You know, I know, you know I'll remember you
And I know, you know, I know you'll remember me
And you know, I know, you know I'll remember you
And I know, you know, I hope you'll remember
How we danced, how we danced (one, two, one, two, three)

How we danced all night to the best song ever
We knew every line, now I can't remember
How it goes but I know that I won't forget her
'Cause we danced all night (we danced, we danced)
To the best song ever (it goes something like, yeah)

And we danced all night to the best song ever
We knew every line, now I can't remember
How it goes but I know that I won't forget her
'Cause we danced all night to the best song ever

I think it went oh, oh, oh
I think it went yeah, yeah, yeah
I think it goes (ooh)

Best song ever
It was the best song ever
It was the best song ever
It was the best song ever"
12,one direction,steal my girl,"She's been my queen
Since we were sixteen
We want the same things
We dream the same dreams
Alright, alright

I got it all
'Cause she is the one
Her mum calls me love
Her dad calls me son
Alright, alright

I know, I know, I know for sure

Everybody wanna steal my girl
Everybody wanna take her heart away
Couple billion in the whole wide world
Find another one 'cause she belongs to me

Everybody wanna steal my girl
Everybody wanna take her heart away
Couple billion in the whole wide world
Find another one 'cause she belongs to me

Na na na na na na (oh, yeah)
Na na na na na na (alright)
Na na na na na na
Na na, she belongs to me

Kisses like cream
Her walk is so mean
And every jaw drop
When she's in those jeans
Alright, alright

I don't exist
If I don't have her
The sun doesn't shine
The world doesn't turn
Alright, alright

But I know, I know, I know for sure

Everybody wanna steal my girl
Everybody wanna take her heart away
Couple billion in the whole wide world
Find another one 'cause she belongs to me

Everybody wanna steal my girl
Everybody wanna take her heart away
Couple billion in the whole wide world
Find another one 'cause she belongs to me

Na na na na na na (oh, yeah)
Na na na na na na (alright)
Na na na na na na
Na na na na na na

She knows, she knows
That I never let her down before
She knows, she knows
That I'm never gonna let another take her love from me now

Everybody wants to steal my girl
Everybody wants to take her love away
Couple billion in the whole wide world
Well, find another one 'cause she belongs to me

Everybody wanna steal my girl
Everybody wanna take her heart away
Couple billion in the whole wide world
Find another one 'cause she belongs to me (oh, yeah)

Na na na na na na (oh yeah, alright, yeah)
Na na na na na na (alright)
Na na na na na na
Na na, she belongs to me

Na na na na na na (she belongs to me, yeah) (oh yeah)
Na na na na na na (alright)
Na na na na na na

She belongs to me"
13,one direction,drag me down,"I've got fire for a heart
I'm not scared of the dark
You've never seen it look so easy
I got a river for a soul
And baby, you're a boat
Baby, you're my only reason

If I didn't have you, there would be nothing left
The shell of a man that could never be his best
If I didn't have you, I'd never see the sun
You taught me how to be someone, yeah

All my life, you stood by me
When no one else was ever behind me
All these lights, they can't blind me
With your love, nobody can drag me down
All my life, you stood by me
When no one else was ever behind me
All these lights, they can't blind me
With your love, nobody can drag me down

Nobody, nobody
Nobody can drag me down
Nobody, nobody
Nobody can drag me down

I got fire for a heart
I'm not scared of the dark
You've never seen it look so easy
I got a river for a soul
And baby, you're a boat
Baby, you're my only reason

If I didn't have you there would be nothing left (nothing left)
The shell of a man who could never be his best (be his best)
If I didn't have you, I'd never see the sun (see the sun)
You taught me how to be someone, yeah

All my life, you stood by me
When no one else was ever behind me
All these lights, they can't blind me
With your love, nobody can drag me down

Nobody, nobody
Nobody can drag me down
Nobody, nobody
Nobody can drag me

All my life, you stood by me
When no one else was ever behind me
All these lights, they can't blind me
With your love, nobody can drag me down
All my life, you stood by me
When no one else was ever behind me
All these lights, they can't blind me
With your love, nobody can drag me down

Nobody, nobody
Nobody can drag me down (yeah)
Nobody, nobody
Nobody can drag me down
Nobody, nobody
Nobody can drag me down
Nobody, nobody
Nobody can drag me down"
14,one direction,story of my life,"Written in these walls are the stories that I can't explain
I leave my heart open but it stays right here empty for days
She told me in the morning she don't feel the same about us in her bones
It seems to me that when I die, these words will be written on my stone

And I'll be gone, gone tonight
The ground beneath my feet is open wide
The way that I been holdin' on too tight
With nothin' in between

The story of my life, I take her home
I drive all night to keep her warm
And time is frozen (the story of, the story of)
The story of my life, I give her hope
I spend her love until she's broke inside
The story of my life (the story of, the story of)

Written on these walls are the colors that I can't change
Leave my heart open, but it stays right here in its cage
I know that in the morning, I'll see us in the light up on the hill
Although I am broken, my heart is untamed still

And I'll be gone, gone tonight
The fire beneath my feet is burnin' bright
The way that I've been holdin' on so tight
With nothin' in between

The story of my life, I take her home
I drive all night to keep her warm
And time is frozen (the story of, the story of)
The story of my life, I give her hope
I spend her love until she's broke inside
The story of my life (the story of, the story of)

And I've been waiting for this time to come around
But, baby, runnin' after you is like chasin' the clouds

The story of my life, I take her home
I drive all night to keep her warm
And time is frozen

The story of my life, I give her hope (give her hope)
I spend her love until she's broke inside
The story of my life (the story of)

The story of my life
The story of my life (the story of, the story of)
The story of my life"
15,one direction,kiss you,"Oh, I just wanna take you anywhere that you'd like
We could go out any day, any night
Baby, I'll take you there, take you there
Baby, I'll take you there, yeah

Oh, tell me, tell me, tell me how to turn your love on
You can get, get anything that you want
Baby, just shout it out, shout it out
Baby, just shout it out, yeah

And if you, you want me too, let's make a move
Yeah, so tell me, girl, if every time we

Touch
You get this kinda rush
Baby, say, yeah, yeah, yeah, yeah, yeah, yeah
If you don't wanna take it slow
And you just wanna take me home
Baby, say, yeah, yeah, yeah, yeah, yeah
And let me kiss you

Oh, baby, baby, don't you know you got what I need?
Looking so good from your head to your feet
Come on, come over here, over here
Come on, come over here, yeah

Oh, I just wanna show you off to all of my friends
Making them drool down their chinny-chin-chins
Baby, be mine tonight, mine tonight
Baby, be mine tonight, yeah

And if you, you want me too, let's make a move
Yeah, so tell me, girl, if every time we

Touch
You get this kinda rush
Baby, say, yeah, yeah, yeah, yeah, yeah, yeah
If you don't wanna take it slow (c'mon)
And you just wanna take me home
Baby, say, yeah, yeah, yeah, yeah, yeah
And let me kiss you

c'mon
Na-na-na-na-na-na-na-na
Na-na-na-na-na-na-na-na
Na-na-na-na-na-na-na-na
Yeah, so tell me, girl, if every time we

Touch (touch)
You get this kinda rush (ru-u-ush)
Baby, say, yeah, yeah, yeah, yeah, yeah, yeah
If you don't wanna take it slow (slow)
And you just wanna take me home (home)
Baby, say, yeah, yeah, yeah (yeah), yeah, yeah (yeah, yeah)

Every time we touch (touch)
You get this kinda rush
Baby, say, yeah, yeah, yeah, yeah, yeah, yeah (yeah)
If you don't wanna take it slow (take it slow)
And you just wanna take me home (take me home)
Baby, say, yeah, yeah, yeah (yeah, yeah)
And let me kiss you"
16,one direction,little things,"Your hand fits in mine like it's made just for me
But bear this mind, it was meant to be
And I'm joining up the dots, with the freckles on your cheeks
And it all makes sense to me

I know you've never loved
The crinkles by your eyes when you smile
You've never loved your stomach or your thighs
The dimples in your back at the bottom of your spine
But I'll love them endlessly

I won't let these little things slip out of my mouth
But if I do, it's you
Oh, it's you, they add up to
I'm in love with you
And all these little things

You can't go to bed without a cup of tea
And maybe that's the reason that you talk in your sleep
And all those conversations are the secrets that I keep
Though it makes no sense to me

I know you never loved the sound of your voice on tape
You never want to know how much you weight
You still have to squeeze into your jeans
But you're perfect to me

I won't let these little things slip out of my mouth
But if it's true, it's you
It's you, they add up to
I'm in love with you
And all these little things

You'll never love yourself half as much as I love you
And you'll never treat yourself right darling, but I want you to
If I let you know, I'm here for you
Maybe you'll love yourself like I love you, oh

And I've just let these little things slip out of my mouth
'Cause it's you, oh, it's you
It's you, they add up to
And I'm in love with you
And all these little things

I won't let these little things slip out of my mouth
But if it's true, it's you
It's you, they add up to
I'm in love with you
And all your little things"
17,one direction,perfect,"I might never be your knight in shinin' armor
I might never be the one you take home to mother
And I might never be the one who brings you flowers
But I can be the one, be the one tonight

When I first saw you
From across the room
I could tell that you were curious, oh, yeah
Girl, I hope you're sure
What you're looking for
'Cause I'm not good at making promises

But if you like causing trouble up in hotel rooms
And if you like having secret little rendezvous
If you like to do the things you know that we shouldn't do
Then baby, I'm perfect
Baby, I'm perfect for you
And if you like midnight driving with the windows down
And if you like going places we can't even pronounce
If you like to do whatever you've been dreaming about
Then baby, you're perfect
Baby, you're perfect
So let's start right now

I might never be the hands you put your heart in
Or the arms that hold you any time you want them
But that don't mean that we can't live here in the moment
'Cause I can be the one you love from time to time

When I first saw you
From across the room
I could tell that you were curious, oh, yeah
Girl, I hope you're sure
What you're looking for
'Cause I'm not good at making promises

But if you like causing trouble up in hotel rooms
And if you like having secret little rendezvous
If you like to do the things you know that we shouldn't do
Then baby, I'm perfect
Baby, I'm perfect for you
And if you like midnight driving with the windows down
And if you like going places we can't even pronounce
If you like to do whatever you've been dreaming about
Then baby, you're perfect
Baby, you're perfect
So let's start right now

And if you like cameras flashin' every time we go out
Oh, yeah
And if you're looking for someone to write your breakup songs about
Baby, I'm perfect
Baby, we're perfect

If you like causing trouble up in hotel rooms
And if you like having secret little rendezvous
If you like to do the things you know that we shouldn't do
Then baby, I'm perfect
Baby, I'm perfect for you
And if you like midnight driving with the windows down
And if you like going places we can't even pronounce
If you like to do whatever you've been dreaming about
Then baby, you're perfect
Baby, you're perfect
So let's start right now"
19,one direction,one thing,"I've tried playin' it cool
But when I'm lookin' at you
I can't ever be brave
'Cause you make my heart race

Shot me out of the sky
You're my kryptonite
You keep making me weak
Yeah, frozen and can't breathe

Something's gotta give now
'Cause I'm dying just to make you see
That I need you here with me now
'Cause you've got that one thing

So, get out, get out, get out of my head
And fall into my arms instead
I don't, I don't, don't know what it is
But I need that one thing
And you've got that one thing

Now I'm climbing the walls
But you don't notice at all (at all)
That I'm going out of my mind
All day and all night

Something's gotta give now
'Cause I'm dying just to know your name
And I need you here with me now
'Cause you've got that one thing

So, get out, get out, get out of my head
And fall into my arms instead
I don't, I don't, don't know what it is
But I need that one thing

So, get out, get out, get out of my mind
And come on, come into my life
I don't, I don't, don't know what it is
But I need that one thing
And you've got that one thing

Woah-oh-oh-oh
Oh-ooh, oh-oh-oh-oh
Oh-ooh, oh-oh-oh-oh

You've got that one thing

Get out, get out, get out of my head
And fall into my arms instead

So, get out, get out, get out of my head
And fall into my arms instead
I don't, I don't, don't know what it is
But I need that one thing

So, get out, get out, get out of my mind (out of my mind)
And come on, come into my life
I don't, I don't, don't know what it is
But I need that one thing
And you've got that one thing"
20,one direction,they don't know about us,"People say we shouldn't be together
We're too young to know about forever
But I say, ""They don't know
What they're talk-, talk-, talking about"" (talk-, talk-, talking about)

'Cause this love is only gettin' stronger
So, I don't wanna wait any longer
I just wanna tell the world that you're mine, girl, oh

They don't know about the things we do
They don't know about the I-love-yous
But I bet you if they only knew (they don't know)
They would just be jealous of us

They don't know about the up-all-nights
They don't know I've waited all my life
Just to find a love that feels this right (they don't know)
Baby, they don't know about, they don't know about us

One touch, and I was a believer
Every kiss, it gets a little sweeter
It's getting better
Keeps getting better all the time, girl

They don't know about the things we do
They don't know about the I-love-yous
But I bet you if they only knew (they don't know)
They would just be jealous of us

They don't know about the up-all-nights
They don't know I've waited all my life
Just to find a love that feels this right (they don't know)
Baby, they don't know about, they don't know about us

They don't know how special you are
They don't know what you've done to my heart
They can say anything they want
'Cause they don't know about us

They don't know what we do best
That's between me and you, our little secret
But I wanna tell 'em
I wanna tell the world that you're mine, girl

They don't know about the things we do
They don't know about the I-love-yous (I love you)
But I bet you if they only knew (if they only knew)
They would just be jealous of us (they would just be jealous of us)

They don't know about the up-all-nights
They don't know I've waited all my life
Just to find a love that feels this right (feels so right)
Baby, they don't know about, they don't know about

They don't know about the things we do (they don't know about us)
They don't know about the I-love-yous (they don't know about us)
But I bet you if they only knew (they don't know about us)
They would just be jealous of us

They don't know about the up-all-nights
They don't know I've waited all my life
Just to find a love that feels this right
Baby, they don't know about, they don't know about us

They don't know about us"
21,one direction,one way or another,"One way or another, I'm gonna find ya
I'm gonna get ya, get ya, get ya, get ya
One way or another, I'm gonna win ya
I'm gonna get ya, get ya, get ya, get ya
One way or another, I'm gonna see ya
I'm gonna meet ya, meet ya, meet ya, meet ya
One day, maybe next week
I'm gonna meet ya, I'm gonna meet ya, I'll meet ya

I will drive past your house
And if the lights are all down
I'll see who's around
Let's go!

One way or another, I'm gonna find ya
I'm gonna get ya, get ya, get ya, get ya
One way or another, I'm gonna win ya
I'll get ya, I'll get ya
One way or another, I'm gonna see ya
I'm gonna meet ya, meet ya, meet ya, meet ya
One day, maybe next week
I'm gonna meet ya, I'll meet ya, I'll meet ya

And if the lights are all out
I'll follow your bus downtown
See who's hanging out

One, two, three, four

I wanna hold you, wanna hold you tight
I wanna hold you, wanna hold you tight
I wanna hold you, wanna hold you tight
Get teenage kicks right through the night
C'mon

I wanna hold you, wanna hold you tight
I wanna hold you, wanna hold you tight
I wanna hold you, wanna hold you tight
Get teenage kicks right through the night

One way or another, I'm gonna see ya
I'm gonna meet ya, meet ya, meet ya, meet ya
One way or another, I'm gonna win ya
I'm gonna get ya, get ya, get ya, get ya

One way or another (I wanna hold you, wanna hold you tight)
I'm gonna see ya (I wanna hold you)
I'm gonna meet ya, meet ya, meet ya, meet ya (Wanna hold you tight)
One way or another (I wanna hold you, wanna hold you tight)
I'm gonna win ya (I wanna hold you)
I'm gonna get ya, get ya, get ya, get ya (Wanna hold you tight)

One way or another (I wanna hold you, wanna hold you tight)
I'm gonna see ya (I wanna hold you)
I'm gonna meet ya, meet ya, meet ya, meet ya (Wanna hold you tight)
One way or another (I wanna hold you, wanna hold you tight)
I'm gonna win ya (I wanna hold you)
I'm gonna get ya, get ya, get ya, get ya (Wanna hold you tight)
One way or another"
22,one direction,midnight memories,"One, two, three

Straight off the plane to a new hotel
Just touched down, you could never tell
Ah, a big house party with a crowded kitchen
People talk (shh) but we don't listen

Tell me that I'm wrong but I do what I please
Way too many people in the Addison Lee
Now I'm at the age when I know what I need, oh, whoa

Midnight memories
Oh-oh-oh-oh-oh
Baby, you and me
Stumblin' in the street
Singin', singin', singin', singin'
Midnight memories
Oh-oh-oh-oh-oh
Anywhere we go, never say no
Just do it, do it, do it, do it

Five foot something with the skinny jeans
Don't look back, baby, follow me
I don't know where I'm going but I'm finding my way
Same old sh- but a different day

Tell me that I'm wrong but I do what I please
Way too many people in the Addison Lee
Now I'm at the age when I know what I need, oh, whoa

Midnight memories
Oh-oh-oh-oh-oh
Baby, you and me
Stumblin' in the street
Singin', singin', singin', singin'
Midnight memories
Oh-oh-oh-oh-oh
Anywhere we go, never say no
Just do it, do it, do it, do it

You and me and all our friends
I don't care how much we spend
Baby, this is what the night is for
I know nothing's making sense
For tonight let's just pretend
I don't wanna stop so give me more

Midnight memories
Oh-oh-oh-oh-oh
Baby, you and me (ayy)
Stumblin' in the street
Singin', singin', singin', singin'
Midnight memories
Oh-oh-oh-oh-oh
Anywhere we go, never say no
Just do it, do it, (yeah) do it, do it"
23,one direction,night changes,"Goin' out tonight, changes into something red
Her mother doesn't like that kind of dress
Everything she never had she's showin' off
Drivin' too fast, moon is breakin' through her hair
She's headin' for somethin' that she won't forget
Havin' no regrets is all that she really wants

We're only gettin' older, baby
And I've been thinkin' about it lately
Does it ever drive you crazy
Just how fast the night changes?
Everything that you've ever dreamed of
Disappearing when you wake up
But there's nothing to be afraid of
Even when the night changes
It will never change me and you

Chasing it tonight, doubts are runnin' 'round her head
He's waitin', hides behind a cigarette
Heart is beatin' loud and she doesn't want it to stop
Movin' too fast, moon is lightin' up her skin
She's fallin', doesn't even know it yet
Havin' no regrets is all that she really wants

We're only gettin' older, baby
And I've been thinkin' about it lately
Does it ever drive you crazy
Just how fast the night changes?
Everything that you've ever dreamed of
Disappearing when you wake up
But there's nothing to be afraid of
Even when the night changes
It will never change me and you

Goin' out tonight, changes into something red
Her mother doesn't like that kind of dress
Reminds her of the missin' piece of innocence she lost

We're only gettin' older, baby
And I've been thinkin' about it lately
Does it ever drive you crazy
Just how fast the night changes?
Everything that you've ever dreamed of
Disappearing when you wake up
But there's nothing to be afraid of
Even when the night changes
It will never change, baby
It will never change, baby
It will never change me and you"
24,one direction,no control,"Oh, oh, oh
(Ooh, ooh)

Stained coffee cup
Just a fingerprint of lipstick's not enough
Sweet (ooh), where you lay (ooh)
Still a trace of innocence on the pillow case

Waking up
Beside you, I'm my loaded gun
I can't contain this anymore
I'm all yours, I've got no control
No control
Powerless
And I don't care, it's obvious
I just can't get enough of you
The pedal's down, my eyes are closed
No control

Oh, oh, oh
(Ooh)

The taste on my tongue
I don't want to wash away the night before
In the heat (ooh), where you laid (ooh)
I could stay right here and burn in it all day

Waking up
Beside you, I'm my loaded gun
I can't contain this anymore
I'm all yours, I've got no control
No control
Powerless
And I don't care, it's obvious
I just can't get enough of you
The pedal's down, my eyes are closed
No control

Lost my senses
I'm defenseless
Her perfume's holding me ransom
Sweet and sour
Heart devoured
Lying here, I count the hours

Waking up
Beside you, I'm my loaded gun
I can't contain this anymore
I'm all yours, I got no control
No control
Powerless
And I don't care, it's obvious
I just can't get enough of you
The pedal's down, my eyes are closed
No control
Oh, oh, oh
No control
Oh, oh, oh
No control

Powerless
And I don't care, it's obvious
I just can't get enough of you
The pedal's down, my eyes are closed
No control"
